형용사군,배색그룹id,단일색상 id,R,G,B,Hue,Saturation,Brightness,,
귀여운,1,1,251,210,164,31,34,98,,
귀여운,1,2,123,195,171,159,36,76,,
귀여운,1,3,255,228,36,52,85,100,,
귀여운,2,1,246,178,152,15,38,96,,
귀여운,2,2,246,235,102,55,58,96,,
귀여운,2,3,252,206,128,36,49,98,,
귀여운,3,1,168,200,39,70,80,78,,
귀여운,3,2,239,125,25,26,89,93,,
귀여운,3,3,242,229,0,56,100,94,,
맑은,1,1,191,223,209,152,14,87,,
맑은,1,2,255,255,255,152,0,100,,
맑은,1,3,225,225,221,59,1,88,,
맑은,2,1,202,227,206,128,10,89,, 
맑은,2,2,247,239,147,55,40,96,,
맑은,2,3,255,255,255,55,0,100,,
맑은,3,1,181,222,227,186,20,89,,
맑은,3,2,255,255,255,186,0,100,,
맑은,3,3,203,209,218,214,6,85,,
온화환,1,1,237,199,214,336,15,92,,
온화환,1,2,252,244,224,42,10,98,,
온화환,1,3,203,209,218,214,6,85,,
온화환,2,1,236,225,238,289,5,93,,
온화환,2,2,175,164,162,8,7,68,,
온화환,2,3,247,247,246,59,0,96,,
온화환,3,1,252,222,191,29,23,98,,
온화환,3,2,159,134,157,303,15,62,,
온화환,3,3,191,222,195,127,13,87,,
내츄럴한,1,1,166,195,127,84,34,76,,
내츄럴한,1,2,248,242,196,52,20,97,,
내츄럴한,1,3,201,188,130,48,35,78,,
내츄럴한,2,1,178,166,32,55,81,69,,
내츄럴한,2,2,247,236,115,53,53,96,,
내츄럴한,2,3,144,134,55,52,61,56,,
내츄럴한,3,1,242,229,0,56,100,94,,
내츄럴한,3,2,211,145,83,28,60,82,,
내츄럴한,3,3,129,122,52,53,59,50,,
내츄럴한,4,1,144,134,55,52,61,56,,
내츄럴한,4,2,247,247,246,59,0,96,,
내츄럴한,4,3,178,144,100,32,43,69,,
내츄럴한,5,1,102,108,84,74,21,42,,
내츄럴한,5,2,155,168,134,81,20,65,,
내츄럴한,5,3,89,110,39,77,64,43,,
경쾌한,1,1,13,148,97,156,90,58,,
경쾌한,1,2,243,245,217,63,11,96,,
경쾌한,1,3,199,211,32,63,84,82,,
경쾌한,2,1,232,79,33,12,85,90,,
경쾌한,2,2,252,195,47,42,81,98,,
경쾌한,2,3,242,229,0,56,100,94,,
경쾌한,3,1,22,66,136,216,83,53,,
경쾌한,3,2,255,255,255,216,0,100,,
경쾌한,3,3,115,151,170,200,32,66,,
경쾌한,4,1,230,40,81,345,82,90,,
경쾌한,4,2,248,240,153,53,38,97,,
경쾌한,4,3,56,98,162,216,65,63,,
화려한,1,1,181,35,24,2,86,70,,
화려한,1,2,248,240,153,53,38,97,,
화려한,1,3,86,136,100,135,36,53,,
화려한,2,1,239,125,25,26,89,93,,
화려한,2,2,217,227,155,67,31,89,,
화려한,2,3,18,63,73,190,75,28,,
화려한,3,1,57,24,64,289,62,25,,
화려한,3,2,120,78,95,334,34,47,,
화려한,3,3,194,166,159,11,18,76,,
화려한,4,1,181,35,24,2,86,70,,
화려한,4,2,168,153,65,50,61,65,,
화려한,4,3,71,55,130,252,57,50,,
우아한,1,1,121,122,112,64,7,47,,
우아한,1,2,247,247,246,59,0,96,,
우아한,1,3,195,180,136,43,30,76,,
우아한,2,1,188,186,131,57,30,73,,
우아한,2,2,114,101,101,0,11,44,,
우아한,2,3,155,168,134,81,20,65,,
우아한,3,1,103,103,103,81,0,40,,
우아한,3,2,197,165,138,26,29,77,,
우아한,3,3,79,104,82,127,23,40,,
우아한,4,1,162,151,148,12,8,63,,
우아한,4,2,64,64,57,59,10,25,,
우아한,4,3,135,155,145,149,12,60,,
은은한,1,1,192,187,187,0,2,75,,
은은한,1,2,217,220,217,120,1,86,,
은은한,1,3,177,167,164,12,7,69,,
은은한,2,1,195,180,136,43,30,76,,
은은한,2,2,121,122,112,64,7,47,,
은은한,2,3,145,174,150,129,16,68,,
은은한,3,1,201,201,201,129,0,78,,
은은한,3,2,129,130,130,179,0,50,,
은은한,3,3,185,193,184,112,4,75,,
은은한,4,1,204,193,192,4,5,80,,
은은한,4,2,176,139,127,14,27,69,,
은은한,4,3,181,175,174,8,3,70,,
다이나믹한,1,1,206,20,23,358,90,80,,
다이나믹한,1,2,0,0,0,358,90,0,,
다이나믹한,1,3,239,125,25,26,89,93,,
다이나믹한,2,1,37,115,59,135,67,45,,
다이나믹한,2,2,196,174,16,52,91,76,,
다이나믹한,2,3,22,66,128,214,82,50,,
다이나믹한,3,1,22,66,136,216,83,53,,
다이나믹한,3,2,206,20,23,358,90,80,,
다이나믹한,3,3,0,0,0,358,90,0,,
다이나믹한,4,1,0,0,0,358,90,0,,
다이나믹한,4,2,228,35,32,0,85,89,,
다이나믹한,4,3,36,46,93,228,61,36,,
모던한,1,1,247,247,246,59,0,96,,
모던한,1,2,33,25,63,251,60,24,,
모던한,1,3,96,97,90,67,7,38,,
모던한,2,1,113,21,19,0,83,44,,
모던한,2,2,135,135,145,149,12,60,,
모던한,2,3,27,44,78,218,65,30,,
모던한,3,1,30,30,30,218,0,11,,
모던한,3,2,247,247,246,59,0,96,,
모던한,3,3,11,65,56,169,82,25,,
모던한,4,1,36,46,93,228,61,36,,
모던한,4,2,84,104,98,160,19,40,,
모던한,4,3,51,51,51,160,0,20,,
모던한,5,1,0,0,0,160,19,0,,
모던한,5,2,150,150,139,59,7,58,,
모던한,5,3,36,46,93,228,61,36,,
점잖은,1,1,203,83,58,9,71,79,,
점잖은,1,2,204,193,171,39,16,80,,
점잖은,1,3,167,133,109,24,34,65,,
점잖은,2,1,83,26,12,11,85,32,,
점잖은,2,2,121,111,90,39,25,47,,
점잖은,2,3,33,25,63,251,60,24,,
점잖은,3,1,83,51,19,29,76,32,,
점잖은,3,2,121,122,112,64,7,47,,
점잖은,3,3,84,76,24,50,71,32,,
고상한,1,1,127,89,23,36,81,49,,
고상한,1,2,195,180,136,43,30,76,,
고상한,1,3,106,104,79,55,25,41,,
고상한,2,1,154,128,109,24,29,60,,
고상한,2,2,208,206,190,52,8,81,,
고상한,2,3,127,120,92,46,27,49,,
고상한,3,1,64,64,57,59,10,25,,
고상한,3,2,214,159,136,16,36,83,,
고상한,3,3,102,103,101,88,1,40,,
고상한,4,1,30,30,30,88,0,11,,
고상한,4,2,114,101,101,0,11,44,,
고상한,4,3,63,63,58,59,7,24,,
고상한,5,1,83,51,19,29,76,32,,
고상한,5,2,121,122,112,64,7,47,,
고상한,5,3,84,76,24,50,71,32,,